id;name;created_at;updated_at
1;world-class Frozen;2021-08-15T11:42:39;2021-08-15T11:43:45
2;Electronics;2021-08-15T02:21:37;2021-08-14T21:14:52
3;mindshare District;2021-08-15T07:05:06;2021-08-14T18:58:37
4;transmit Communications content-based;2021-08-15T09:25:51;2021-08-15T06:42:52
5;Concrete input;2021-08-15T12:22:58;2021-08-14T20:22:37
6;Chicken Lodge Metal;2021-08-15T14:54:49;2021-08-15T03:04:38
7;interfaces;2021-08-15T14:58:37;2021-08-15T05:09:41
8;Timor-Leste;2021-08-14T21:54:07;2021-08-14T17:54:33
9;migration;2021-08-15T11:39:05;2021-08-14T20:20:01
10;payment Shoes of;2021-08-14T16:47:51;2021-08-15T01:46:17
