id;name;created_at;updated_at;deleted_at
1;Israel up Arab;2021-08-14T16:08:20;2021-08-14T22:37:51;2021-08-15T08:46:58
2;Account feed;2021-08-15T00:52:13;2021-08-15T02:14:54;2021-08-14T16:43:32
3;Home copying;2021-08-14T20:24:53;2021-08-15T10:48:54;2021-08-14T19:47:01
4;invoice Diverse;2021-08-15T08:27:13;2021-08-14T21:48:14;2021-08-15T05:41:17
5;array;2021-08-15T05:24:56;2021-08-14T16:57:38;2021-08-14T18:15:23
6;olive backing Director;2021-08-15T00:48:35;2021-08-15T01:21:01;2021-08-14T20:04:43
7;virtual Kitts Taiwan;2021-08-15T00:14:20;2021-08-15T05:12:42;2021-08-15T10:05:25
8;COM;2021-08-14T18:51:16;2021-08-14T20:09:10;2021-08-15T14:17:44
9;Beauty hard Assistant;2021-08-15T08:21:53;2021-08-14T20:48:55;2021-08-15T05:45:19
10;Steel e-services override;2021-08-14T18:29:13;2021-08-15T13:06:44;2021-08-15T11:24:07
