id;name;rate;type;created_at;updated_at
1;multi-byte Developer info-mediaries;30057;27448;2021-08-14T16:24:55;2021-08-15T00:33:45
2;SQL;51474;56503;2021-08-14T17:37:04;2021-08-14T20:23:56
3;global Orchestrator;35162;2168;2021-08-14T23:52:01;2021-08-14T22:56:36
4;Buckinghamshire interface;98920;81986;2021-08-15T05:50:55;2021-08-14T19:18:33
5;Dakota;16536;40608;2021-08-15T00:20:27;2021-08-14T20:45:46
6;hack;97148;5673;2021-08-14T18:58:58;2021-08-14T23:53:56
7;Pines;18167;49957;2021-08-15T00:53:06;2021-08-14T20:54:32
8;Loan Metal Architect;64107;97600;2021-08-15T10:03:19;2021-08-15T03:07:29
9;24/365;85285;93667;2021-08-14T20:39:04;2021-08-14T21:57:58
10;definition Kids;62096;43216;2021-08-15T12:20:02;2021-08-15T09:34:09
